{
    "mean_rmse": 1.7363065509088602,
    "std_rmse": 0.6431983026512684,
    "mean_r2": -109.03257219420493,
    "std_r2": 121.5318973664999
}