{
    "mean_rmse": 1.7567347069792185,
    "std_rmse": 0.647486445329567,
    "mean_r2": -107.37383328842982,
    "std_r2": 118.3852323384926
}