{
    "mean_rmse": 1.7218105309346576,
    "std_rmse": 0.6393274760344126,
    "mean_r2": -108.6602189499273,
    "std_r2": 122.11769719878279
}