{
    "total_predictions": 2694,
    "mean_absolute_error": 8.528891695493567,
    "root_mean_squared_error": 8.802555918672534,
    "mean_absolute_percentage_error": 62.13600216067182,
    "r_squared": -31.355157655357367,
    "direction_accuracy": 0.17965850037119524,
    "up_prediction_accuracy": 0.22840690978886757,
    "down_prediction_accuracy": 0.22445255474452555,
    "correct_ups": 238,
    "correct_downs": 246,
    "total_ups": 1042,
    "total_downs": 1096,
    "max_error": 13.218888888888888,
    "min_error": 1.4263043478260862,
    "std_error": 2.178246629669024,
    "timestamp": "2025-01-31T21:24:53.768319"
}