{
    "total_predictions": 2694,
    "mean_absolute_error": 8.528891695493567,
    "root_mean_squared_error": 8.802555918672534,
    "mean_absolute_percentage_error": 62.13600216067182,
    "r_squared": -31.355157655357367,
    "direction_accuracy": 0.17965850037119524,
    "up_prediction_accuracy": 0.22840690978886757,
    "down_prediction_accuracy": 0.22445255474452555,
    "correct_ups": 238,
    "correct_downs": 246,
    "total_ups": 1042,
    "total_downs": 1096,
    "max_error": 13.218888888888888,
    "min_error": 1.4263043478260862,
    "std_error": 2.178246629669024,
    "timestamp": "2025-01-31T21:26:29.389161",
    "avg_price_change": -0.0013442257705161534,
    "price_volatility": 0.05564344731611536,
    "max_price_change": 1.7599999999999998,
    "min_price_change": 0.0,
    "mean_prediction_error": -8.528891695493567,
    "median_prediction_error": -8.87651660339808,
    "error_skewness": 0.825466124549455,
    "first_quarter_accuracy": 6.30879574067091,
    "last_quarter_accuracy": 10.181994834805012,
    "max_correct_streak": 6,
    "avg_correct_streak": 1.6462585034013606,
    "error_quartiles": {
        "q25": -10.199448584202704,
        "q50": -8.87651660339808,
        "q75": -7.06357142857143
    }
}