{
    "total_predictions": 2248,
    "mean_absolute_error": 1.2923599664218106,
    "root_mean_squared_error": 1.6781345980210816,
    "mean_absolute_percentage_error": 5.533495919210446,
    "r_squared": -4.2388809342131,
    "direction_accuracy": 0.45862989323843417,
    "up_prediction_accuracy": 0.5419161676646707,
    "down_prediction_accuracy": 0.5120671563483735,
    "correct_ups": 543,
    "correct_downs": 488,
    "total_ups": 1002,
    "total_downs": 953,
    "max_error": 5.56125726817616,
    "min_error": 0.0010738984095262083,
    "std_error": 1.6710109966561446,
    "timestamp": "2025-01-31T23:00:03.515572",
    "avg_price_change": 0.0006898086337338677,
    "price_volatility": 0.047338751403853185,
    "max_price_change": 0.9499999999999993,
    "min_price_change": 0.0,
    "mean_prediction_error": 0.1584300936276582,
    "median_prediction_error": -0.02444567981038759,
    "error_skewness": 0.5244297286485881,
    "first_quarter_accuracy": 1.3092507641054447,
    "last_quarter_accuracy": 1.4461776199869036,
    "max_correct_streak": 12,
    "avg_correct_streak": 2.1083844580777096,
    "error_quartiles": {
        "q25": -0.9821049636945274,
        "q50": -0.02444567981038759,
        "q75": 1.117736973642013
    }
}