{
    "total_predictions": 2351,
    "mean_absolute_error": 1.331715058846716,
    "root_mean_squared_error": 1.7084919998919883,
    "mean_absolute_percentage_error": 5.700483351381295,
    "r_squared": -4.613639539917265,
    "direction_accuracy": 0.4564015312632922,
    "up_prediction_accuracy": 0.5328884652049571,
    "down_prediction_accuracy": 0.5145145145145145,
    "correct_ups": 559,
    "correct_downs": 514,
    "total_ups": 1049,
    "total_downs": 999,
    "max_error": 5.56125726817616,
    "min_error": 0.0010738984095262083,
    "std_error": 1.699169611106362,
    "timestamp": "2025-01-31T22:58:53.223208",
    "avg_price_change": 0.0007319148936170208,
    "price_volatility": 0.04733339382037194,
    "max_price_change": 0.9499999999999993,
    "min_price_change": 0.0,
    "mean_prediction_error": 0.18164693754947062,
    "median_prediction_error": -0.017908127542010988,
    "error_skewness": 0.4990579892117878,
    "first_quarter_accuracy": 1.3968717964129655,
    "last_quarter_accuracy": 1.3636683920558588,
    "max_correct_streak": 12,
    "avg_correct_streak": 2.180894308943089,
    "error_quartiles": {
        "q25": -1.0182613130729372,
        "q50": -0.017908127542010988,
        "q75": 1.2360780605393202
    }
}