{
    "total_predictions": 2694,
    "mean_absolute_error": 8.611528664541492,
    "root_mean_squared_error": 8.988697158462168,
    "mean_absolute_percentage_error": 62.809542582868175,
    "r_squared": -32.738007657629346,
    "direction_accuracy": 0.3979213066072754,
    "up_prediction_accuracy": 0.5028790786948176,
    "down_prediction_accuracy": 0.5,
    "correct_ups": 524,
    "correct_downs": 548,
    "total_ups": 1042,
    "total_downs": 1096,
    "max_error": 14.277810287475585,
    "min_error": 0.5390662384033202,
    "std_error": 2.5769586082104965,
    "timestamp": "2025-01-31T21:29:18.944758",
    "avg_price_change": -0.0013442257705161534,
    "price_volatility": 0.05564344731611536,
    "max_price_change": 1.7599999999999998,
    "min_price_change": 0.0,
    "mean_prediction_error": -8.611528664541492,
    "median_prediction_error": -8.994139976501465,
    "error_skewness": 0.5861583258381478,
    "first_quarter_accuracy": 6.20277405726077,
    "last_quarter_accuracy": 10.41972744599294,
    "max_correct_streak": 9,
    "avg_correct_streak": 1.9633699633699633,
    "error_quartiles": {
        "q25": -10.619913177490234,
        "q50": -8.994139976501465,
        "q75": -6.906726131439209
    }
}