{
    "total_predictions": 2694,
    "mean_absolute_error": 8.528891695493567,
    "root_mean_squared_error": 8.802555918672534,
    "direction_accuracy": 0.17965850037119524,
    "timestamp": "2025-01-31T21:22:46.067108"
}