{
    "total_predictions": 2182,
    "mean_absolute_error": 1.3270756139996023,
    "root_mean_squared_error": 1.7024455516077748,
    "mean_absolute_percentage_error": 5.687624817004186,
    "r_squared": -4.252691803707388,
    "direction_accuracy": 0.45737855178735104,
    "up_prediction_accuracy": 0.5341488277268094,
    "down_prediction_accuracy": 0.5107758620689655,
    "correct_ups": 524,
    "correct_downs": 474,
    "total_ups": 981,
    "total_downs": 928,
    "max_error": 5.56125726817616,
    "min_error": 0.0010738984095262083,
    "std_error": 1.69983498768864,
    "timestamp": "2025-01-31T21:54:53.106414",
    "avg_price_change": 0.0008986703347088496,
    "price_volatility": 0.04793179994258588,
    "max_price_change": 0.9499999999999993,
    "min_price_change": 0.0,
    "mean_prediction_error": 0.10102517839117545,
    "median_prediction_error": -0.11799553113969097,
    "error_skewness": 0.5675567474590254,
    "first_quarter_accuracy": 1.4114915794289264,
    "last_quarter_accuracy": 1.6195926982406483,
    "max_correct_streak": 12,
    "avg_correct_streak": 2.183807439824945,
    "error_quartiles": {
        "q25": -1.0856169802008697,
        "q50": -0.11799553113969097,
        "q75": 1.1172942933823995
    }
}